Settlement Reporting,,,/ucp/settlement/transactions?from_batch_time_created=2023-09-13&to_batch_time_created=2023-10-13&account_name=SDM_Deposits&status=FUNDED&brand=DISCOVER&page_size=1000,,,,,,,,,
Execution Date :01/24/2024,,,https://docs.google.com/spreadsheets/d/1SnRMb-nhfJVTCPkvaraFIQZSsSFw6O1n/edit?gid=653747694#gid=653747694,,,,,,,,,
User Load,duration(min),Execution start (IST),Execution End (IST),Transaction hits,CPU Utlization%,Memory Utilization,Avg Transaction/sec,Average Resp time (sec),Error %,Error code and details,RRT ID,Blzemeter result
10,5,"Jan 24, 2024, 5:44:00 AM","Jan 24, 2024, 5:52:35 AM",290,4.24,5.58,1.02,8.92,0.69%,502 - 2,"502:rrt-f2f607ed-5d1e-44a5-80d4-1523fa66eba952fm2
rrt-4c394d86-6657-45c2-83ae-4c3c639c118f2552i",https://a.blazemeter.com/app/?public-token=bvYEC2gXNkFmOIhJdGkR8frTfZqQCXXi5Rop8eIqgRA0qZ4A5t#/accounts/15539/workspaces/589543/projects/695093/masters/71359339/summary
10,5,"Jun 27, 2024, 8:49:03 AM","Jun 27, 2024, 8:55:10 AM",1634,1.28%,49.9584 GB,5.52,1.64,0.00%,-,-,https://a.blazemeter.com/app/?public-token=4M48yG0NU9YxcEfVUSbqOMvM4CLLTH7Zz2bxCsbWizmQyXfwy6#/accounts/15539/workspaces/589543/projects/695093/masters/73353698/summary
50,5,"Jan 24, 2024, 6:05:44 AM","Jan 24, 2024, 6:11:27 AM",820,9.96,5.61,2.81,15.95,0.49%,502 - 4,"502-
rrt-3a49086a-b2eb-4e5b-b748-e384c181d57b5yy8y
rrt-52728877-bb4b-45d0-9fce-d15fd075be507e8md
rrt-1a4e8cc2-acc2-47c3-ba0d-bf52d812f96aha8p8
rrt-b2a69885-8001-4473-b991-7e48e6923fca27x1l",https://a.blazemeter.com/app/?public-token=BcVnakEwdbcwsnZlET2pjv6pPBcKyccKfqh1yYuSI2QEUTFT6V#/accounts/15539/workspaces/589543/projects/695093/masters/71359510/summary
50,5,"Jun 27, 2024, 8:58:58 AM","Jun 27, 2024, 9:05:04 AM",7747,1.36%,49.9588 GB,25.91,1.74,0.00%,-,-,https://a.blazemeter.com/app/?public-token=dxKxHcNjJhSQbJCh3wFVrnXoc5awMzBuj9GozXQQ97hyXEuq3P#/accounts/15539/workspaces/589543/projects/695093/masters/73353754/summary
100,10,"Jan 24, 2024, 6:17:31 AM","Jan 24, 2024, 6:28:42 AM",2010,11.22,5.67,3.44,27.52,0.45%,502 - 9,,https://a.blazemeter.com/app/?public-token=ng8eSXYTro0OTxI7cdiRyux19gx9e2KVnWJTpL70Ymi4NXwo1s#/accounts/15539/workspaces/589543/projects/695093/masters/71359574/summary
100,10,"Jun 27, 2024, 9:08:39 AM","Jun 27, 2024, 9:24:08 AM",17044,1.42%,49.9622 GB,28.45,3.31,0.05%,"504 - 4
502 - 5","504: rrt-0a233d4f-8b74-4b36-b554-d2993083b313paq58
rrt-2fd00cb7-c000-4937-97f0-3d1eaf48e45074x98
rrt-88fb4512-ef03-4384-8598-a6c329430eb57o5km
rrt-8e83b4ab-aba2-4620-aa35-2538cafda7c02ft7d

502: rrt-622eccc2-7ed6-434e-a3de-67cf423f6db3j75dd
rrt-7e3e899f-3f56-41f3-ad9e-49a53478c2b3l143y
rrt-ddbbfe56-a371-45c9-bbc8-60068e591677u9zyy",https://a.blazemeter.com/app/?public-token=hgJV5UXDtVQlhgU0TSWSl6GZ75n921TkL6frmRxjESaLFJWQzS#/accounts/15539/workspaces/589543/projects/695093/masters/73353833/summary
200,10,"Jan 24, 2024, 6:35:45 AM","Jan 24, 2024, 6:47:36 AM",1926,11.42,5.75,3.22,55.61,1.35%,502 - 26,,https://a.blazemeter.com/app/?public-token=Ld4y9qmBabDAH51Mq1PTLtvdqQ1daVoHf7ssk1aDzBr3zOsPGJ#/accounts/15539/workspaces/589543/projects/695093/masters/71359729/summary
200,10,"Jun 27, 2024, 9:28:34 AM","Jun 27, 2024, 9:43:38 AM",4483,2.58%,50.5052 GB,14.89,17.2,3.84%,"502 - 1
504 - 168
400 - 3","400:rrt-eb621c46-8a36-42c8-94f4-2368f11900467mkfe
rrt-11ef3123-28e2-48e8-a274-35415cc68fd235y35
rrt-48125e1b-646d-4054-acb0-ae19b0a4d00565323

504:
rrt-17744089-033a-49a9-ac96-1760f18b8b5bb3ulk
rrt-9938ceeb-689c-48e4-ad1b-8737f2fc25ffuioc7
rrt-dbff89b9-5048-4a17-9a51-29ab1eb03dc853yco

502
rrt-5c04bdbe-931c-417d-96d3-c2b4712530debomm6
rrt-d1a06ea5-f11e-4abe-9a85-1529938661b1kn74m
rrt-af252a5b-2138-496f-9b16-12dca3b623db4cnj8",https://a.blazemeter.com/app/?public-token=kr33er4s3CiljGAUW667vTOOQtFD1GoW4cwppRlNKEkEVnQL2d#/accounts/15539/workspaces/589543/projects/695093/masters/73353983/summary
